predicted_intent,samples,top1_accuracy,top3_recall,top5_recall,mrr
ispiti,24,0.5416666666666666,0.625,0.6666666666666666,0.5868055555555556
kontakt_i_nadleznosti,11,0.5454545454545454,0.6363636363636364,0.6363636363636364,0.5909090909090909
needs_clarification,2,0.5,0.5,0.5,0.5
obrasci,11,0.7272727272727273,0.7272727272727273,0.7272727272727273,0.7272727272727273
pravna_pomoc,9,0.6666666666666666,0.6666666666666666,0.7777777777777778,0.6888888888888889
registracija,42,0.9523809523809523,0.9523809523809523,0.9523809523809523,0.9523809523809523
registri,3,0.6666666666666666,1.0,1.0,0.7777777777777777
zakoni_i_propisi,5,0.4,0.4,0.4,0.4
