predicted_intent,samples,top1_accuracy,top3_recall,top5_recall,mrr
ispiti,24,0.5,0.5,0.5833333333333334,0.5187499999999999
kontakt_i_nadleznosti,11,0.45454545454545453,0.5454545454545454,0.7272727272727273,0.5409090909090909
needs_clarification,2,0.0,0.0,0.5,0.1
obrasci,11,0.5454545454545454,0.7272727272727273,0.7272727272727273,0.6363636363636364
pravna_pomoc,9,0.3333333333333333,0.4444444444444444,0.5555555555555556,0.3925925925925926
registracija,42,0.9047619047619048,0.9285714285714286,0.9523809523809523,0.9226190476190477
registri,3,0.6666666666666666,0.6666666666666666,0.6666666666666666,0.6666666666666666
zakoni_i_propisi,5,0.4,0.4,0.4,0.4
