predicted_intent,samples,top1_accuracy,top3_recall,top5_recall,mrr
ispiti,24,0.16666666666666666,0.375,0.4583333333333333,0.2826388888888889
kontakt_i_nadleznosti,11,0.2727272727272727,0.5454545454545454,0.6363636363636364,0.4318181818181818
needs_clarification,6,0.6666666666666666,0.6666666666666666,0.6666666666666666,0.6666666666666666
obrasci,12,0.6666666666666666,0.6666666666666666,0.6666666666666666,0.6666666666666666
pravna_pomoc,9,0.3333333333333333,0.4444444444444444,0.4444444444444444,0.3888888888888889
registracija,37,0.972972972972973,0.972972972972973,0.972972972972973,0.972972972972973
registri,3,1.0,1.0,1.0,1.0
zakoni_i_propisi,5,0.4,0.4,0.4,0.4
